# USERS
INSERT INTO USERS (`session_id`, `email_address`, `fname`, `lname`, `created_datetime`, `last_modified`, `account_active`) VALUES ('bb22f5df43b478d3a9659414a4173a2ba9a39f26f9bccac41c5d1de9e2ee5028', 'adriana.bernhard@example.net', 'Annetta', 'Berge', '1980-03-05 18:16:36', '1996-06-15 21:26:28', 1);
INSERT INTO USERS (`session_id`, `email_address`, `fname`, `lname`, `created_datetime`, `last_modified`, `account_active`) VALUES ('24ff577476a64aeb05500d91c045073b8ac12ca70023ab2696b4e33f55f59d49', 'allen17@example.net', 'Leann', 'Kulas', '2016-10-24 10:48:02', '2005-06-07 02:43:35', 0);
INSERT INTO USERS (`session_id`, `email_address`, `fname`, `lname`, `created_datetime`, `last_modified`, `account_active`) VALUES ('ec7e1f1e3a115c70c79c3331ea0a80417a9ac3547cd5ad7b33e4c0f03a896323', 'bryana79@example.org', 'Chad', 'Hyatt', '1971-03-18 23:33:05', '1971-04-27 12:04:45', 0);
INSERT INTO USERS (`session_id`, `email_address`, `fname`, `lname`, `created_datetime`, `last_modified`, `account_active`) VALUES ('24e70090bd08635f7af654ca26fdead5417be658409cff7dd971f28be85b8f59', 'caden68@example.org', 'Markus', 'Ritchie', '1977-05-30 10:38:43', '1990-02-17 07:02:16', 0);
INSERT INTO USERS (`session_id`, `email_address`, `fname`, `lname`, `created_datetime`, `last_modified`, `account_active`) VALUES ('40d7ed6c37d8065eda204ab0bf451fd5f23cc14fa79b9a51ccc6d77da7587036', 'dalton.paucek@example.org', 'Orland', 'Beahan', '1991-10-30 05:42:49', '1995-03-03 10:27:46', 0);
INSERT INTO USERS (`session_id`, `email_address`, `fname`, `lname`, `created_datetime`, `last_modified`, `account_active`) VALUES ('0bdf0cb1055304b9b0416c5e30353641d3ca90d88b35dda9f2f8343fa25b63c8', 'eriberto.batz@example.com', 'Johan', 'Steuber', '1986-08-19 18:54:17', '2008-03-03 14:40:47', 1);
INSERT INTO USERS (`session_id`, `email_address`, `fname`, `lname`, `created_datetime`, `last_modified`, `account_active`) VALUES ('381d97de77a90a8876106da5bf81865dd45b20c59d6f1c3e902fd583cd3277c7', 'gbeahan@example.net', 'Brock', 'Grant', '2016-01-27 21:35:23', '1970-09-11 00:18:41', 0);
INSERT INTO USERS (`session_id`, `email_address`, `fname`, `lname`, `created_datetime`, `last_modified`, `account_active`) VALUES ('a50fb843475f15b3fe18e22ea68b5bf0b27211cc9a15043b57c4324715e513b1', 'gdouglas@example.org', 'Kory', 'Ullrich', '2000-11-18 11:00:48', '1994-08-28 07:06:04', 0);
INSERT INTO USERS (`session_id`, `email_address`, `fname`, `lname`, `created_datetime`, `last_modified`, `account_active`) VALUES ('fb7bd9d76e1ca542c4804a8ac3e29549d3e19e6e5f83441e9cdc9016e9508008', 'haley.larissa@example.net', 'Dawson', 'Smitham', '2003-04-28 12:04:41', '1977-05-05 09:16:57', 0);
INSERT INTO USERS (`session_id`, `email_address`, `fname`, `lname`, `created_datetime`, `last_modified`, `account_active`) VALUES ('416bdee5a39c1be2b09babfccafef5290b0bb06dad9eb7fc71436f5fe21a62ae', 'irving.hessel@example.com', 'Juvenal', 'Schulist', '1988-03-04 16:28:51', '1989-06-07 16:35:25', 0);
INSERT INTO USERS (`session_id`, `email_address`, `fname`, `lname`, `created_datetime`, `last_modified`, `account_active`) VALUES ('48fd24b9fc7f095f30ca000a75ca2c4796301e865649dbdcd3668e7a96781c3e', 'kitty40@example.org', 'Audreanne', 'Labadie', '1973-09-13 08:26:45', '1985-12-13 10:51:20', 0);
INSERT INTO USERS (`session_id`, `email_address`, `fname`, `lname`, `created_datetime`, `last_modified`, `account_active`) VALUES ('496a0994d4cec13baf81d666b8c28b82ad431cceb809307cc921426d9e5fd182', 'klocko.randy@example.org', 'Yazmin', 'Mayert', '1970-10-22 22:35:09', '1978-08-22 14:44:12', 1);
INSERT INTO USERS (`session_id`, `email_address`, `fname`, `lname`, `created_datetime`, `last_modified`, `account_active`) VALUES ('c352a0f5d1b27cf40b05a3898aaa65787ea1d183779f79856704b84ca161210e', 'mclaughlin.emory@example.net', 'Marilie', 'Turner', '2004-11-07 02:20:04', '2008-08-26 09:21:37', 1);
INSERT INTO USERS (`session_id`, `email_address`, `fname`, `lname`, `created_datetime`, `last_modified`, `account_active`) VALUES ('d75b7ae5583a7c3969d1c1959e68e3bb031815dfb4aeec1ed4c48abdfb54a935', 'missouri80@example.org', 'Ana', 'Weber', '1973-09-03 18:47:22', '1971-03-25 01:22:31', 1);
INSERT INTO USERS (`session_id`, `email_address`, `fname`, `lname`, `created_datetime`, `last_modified`, `account_active`) VALUES ('23ec2b67ff766f471aee7522b9ad007820f6c42438b402b00ed7e817f7c59464', 'ondricka.mckenzie@example.com', 'Sharon', 'Robel', '1973-05-04 03:55:11', '1980-11-10 15:15:38', 1);
INSERT INTO USERS (`session_id`, `email_address`, `fname`, `lname`, `created_datetime`, `last_modified`, `account_active`) VALUES ('d7d9cb0e2a79a45b421dbd40c3717d1c7512e66167a368c47f3792f5f5924539', 'pgrimes@example.com', 'Isabell', 'Swaniawski', '1995-09-17 05:36:25', '1990-03-20 07:50:36', 0);
INSERT INTO USERS (`session_id`, `email_address`, `fname`, `lname`, `created_datetime`, `last_modified`, `account_active`) VALUES ('46fc01b4a3c8e8fa176abfe9e43d1c486b2ea3285c6e6a1b8cb010d727281540', 'reichert.hillary@example.com', 'Delmer', 'Kuhic', '1970-08-09 14:57:26', '2000-07-10 00:55:02', 0);
INSERT INTO USERS (`session_id`, `email_address`, `fname`, `lname`, `created_datetime`, `last_modified`, `account_active`) VALUES ('a6ee11c5548d7c3f88a115619c87ed594a26cfe454f4546dce50eed46c6c0466', 'royal.durgan@example.org', 'Brandt', 'Rath', '1976-06-26 18:47:06', '1988-01-31 10:51:01', 1);
INSERT INTO USERS (`session_id`, `email_address`, `fname`, `lname`, `created_datetime`, `last_modified`, `account_active`) VALUES ('b617be0b4521037d7597666892ddc9be7a2c1e5854eb6fbb948763d6c0b2d230', 'ubarton@example.com', 'Berneice', 'Ritchie', '1978-06-11 00:34:45', '1996-05-24 01:31:14', 1);
INSERT INTO USERS (`session_id`, `email_address`, `fname`, `lname`, `created_datetime`, `last_modified`, `account_active`) VALUES ('c5167ab00bcea075e6d17e0ecc0ffa0a19fea183e7026c5ce55d230df9c3728c', 'xprice@example.net', 'Dayne', 'Kihn', '1975-04-05 23:52:56', '1987-10-15 08:31:26', 1);

# SHADOWS
INSERT INTO SHADOWS (`email_address`, `password`, `created_datetime`, `last_modified`) VALUES ('adriana.bernhard@example.net', '7f5edbcbaf01da0c73e1a7c08308444e3cadd49154134df22a84ddb20e197b17', '1982-01-18 02:05:24', '2003-10-28 10:56:49');
INSERT INTO SHADOWS (`email_address`, `password`, `created_datetime`, `last_modified`) VALUES ('allen17@example.net', '163b08f96e65574b8155b2d1ccd5d8ae7cfb97059d3de7508edc50b451c53918', '2001-01-07 03:45:02', '1994-07-16 04:15:42');
INSERT INTO SHADOWS (`email_address`, `password`, `created_datetime`, `last_modified`) VALUES ('bryana79@example.org', '94b704ba3f01a01313b2b6d003bdcbb24aa30434f8dd1976cd996e1eb27af81e', '1985-05-25 05:23:32', '1998-03-07 01:42:38');
INSERT INTO SHADOWS (`email_address`, `password`, `created_datetime`, `last_modified`) VALUES ('dalton.paucek@example.org', '6d484d6470742fe0db3dc18b86d739f12b3de1faedd548163119efbf1075e1d4', '2002-02-08 08:59:56', '1980-05-09 14:00:50');
INSERT INTO SHADOWS (`email_address`, `password`, `created_datetime`, `last_modified`) VALUES ('gdouglas@example.org', '5032cca996a1eabd11cdfb06f61cecf9f1ddccd74760cff09692c95a41f98dda', '2011-12-29 21:28:58', '1994-08-11 22:09:17');
INSERT INTO SHADOWS (`email_address`, `password`, `created_datetime`, `last_modified`) VALUES ('haley.larissa@example.net', '88089952d14635ad1003a0bf3a0d750ca75c3ba8040255d85aaab745cd44f454', '2007-02-11 19:18:06', '1995-07-07 07:57:55');
INSERT INTO SHADOWS (`email_address`, `password`, `created_datetime`, `last_modified`) VALUES ('irving.hessel@example.com', 'b5a8a3ba1b6088e656f01f38d43cec288ea6ed7651daac6ec1b4fb9cc90ca952', '1974-06-04 18:16:57', '2004-10-03 02:00:26');
INSERT INTO SHADOWS (`email_address`, `password`, `created_datetime`, `last_modified`) VALUES ('kitty40@example.org', '52c445c182463127dfcb39bd524fe14214146c4373b013dd73a6cce2fc20e155', '2012-08-30 14:48:24', '2011-05-07 06:51:23');
INSERT INTO SHADOWS (`email_address`, `password`, `created_datetime`, `last_modified`) VALUES ('klocko.randy@example.org', 'fb3cdfb8259e0d4f7af1df5347a2f0bd68fb6bd553163101d6c12fcd48339b0a', '2004-12-06 10:10:34', '2002-02-27 11:23:32');
INSERT INTO SHADOWS (`email_address`, `password`, `created_datetime`, `last_modified`) VALUES ('ondricka.mckenzie@example.com', '539558a3c0f91f4ad47fa02149078a5b121567384955bd569e8b03eeaef5b3b0', '2009-03-12 15:31:02', '1975-10-06 12:37:10');
INSERT INTO SHADOWS (`email_address`, `password`, `created_datetime`, `last_modified`) VALUES ('pgrimes@example.com', '15d7d9c47083c3db01b23b9c9f1b5b32ea4a061db8779b5bb6a3aceccad59e63', '1983-12-01 02:06:42', '2009-09-27 09:41:03');
INSERT INTO SHADOWS (`email_address`, `password`, `created_datetime`, `last_modified`) VALUES ('reichert.hillary@example.com', '4e80436c2e82842d3301df7e8c5dfabde6b06b44822289d87d94c22aa1bb1b19', '2000-06-23 09:21:51', '2004-05-10 04:52:56');
INSERT INTO SHADOWS (`email_address`, `password`, `created_datetime`, `last_modified`) VALUES ('royal.durgan@example.org', 'b5999496e60942370cf179110d2b06f2ac03cac8328a13ca9590bb39355bcf6e', '2000-09-04 11:14:28', '1974-09-12 06:47:12');
INSERT INTO SHADOWS (`email_address`, `password`, `created_datetime`, `last_modified`) VALUES ('ubarton@example.com', '20aea07e06ea21d12755c14d07b007e2077e9e32b9736c6316b140ca513e65dc', '1976-01-23 05:09:39', '2004-09-09 02:10:51');
INSERT INTO SHADOWS (`email_address`, `password`, `created_datetime`, `last_modified`) VALUES ('xprice@example.net', '62b8aa358692f4667a020f7390631a19608399a930dee3937c9f7ff6cf65a1a7', '1989-09-19 22:25:54', '1976-09-21 23:34:11');

# WATER_GOALS
INSERT INTO WATER_GOALS (`goal_id`, `start_timestamp`, `end_timestamp`, `user_email`) VALUES (1, '1975-01-04 05:58:06', '1994-09-10 23:38:59', 'royal.durgan@example.org');
INSERT INTO WATER_GOALS (`goal_id`, `start_timestamp`, `end_timestamp`, `user_email`) VALUES (2, '1972-10-30 15:41:43', '2012-08-08 13:51:27', 'xprice@example.net');
INSERT INTO WATER_GOALS (`goal_id`, `start_timestamp`, `end_timestamp`, `user_email`) VALUES (3, '2010-06-19 04:08:31', '1980-01-31 03:38:26', 'caden68@example.org');
INSERT INTO WATER_GOALS (`goal_id`, `start_timestamp`, `end_timestamp`, `user_email`) VALUES (4, '2000-01-31 12:45:48', '2003-07-25 03:18:02', 'caden68@example.org');
INSERT INTO WATER_GOALS (`goal_id`, `start_timestamp`, `end_timestamp`, `user_email`) VALUES (5, '1991-08-05 09:49:00', '2005-12-15 14:08:00', 'bryana79@example.org');
INSERT INTO WATER_GOALS (`goal_id`, `start_timestamp`, `end_timestamp`, `user_email`) VALUES (6, '2007-05-03 05:20:27', '1992-09-23 05:27:10', 'mclaughlin.emory@example.net');
INSERT INTO WATER_GOALS (`goal_id`, `start_timestamp`, `end_timestamp`, `user_email`) VALUES (7, '1985-07-05 21:01:42', '1981-11-09 21:33:10', 'adriana.bernhard@example.net');
INSERT INTO WATER_GOALS (`goal_id`, `start_timestamp`, `end_timestamp`, `user_email`) VALUES (8, '1998-07-02 14:29:46', '1986-07-09 04:55:35', 'gdouglas@example.org');
INSERT INTO WATER_GOALS (`goal_id`, `start_timestamp`, `end_timestamp`, `user_email`) VALUES (9, '1978-10-21 03:56:24', '1984-05-27 10:33:05', 'missouri80@example.org');
INSERT INTO WATER_GOALS (`goal_id`, `start_timestamp`, `end_timestamp`, `user_email`) VALUES (10, '1994-10-30 17:42:23', '1996-01-27 07:05:11', 'reichert.hillary@example.com');
INSERT INTO WATER_GOALS (`goal_id`, `start_timestamp`, `end_timestamp`, `user_email`) VALUES (11, '1983-09-03 19:15:33', '1998-07-05 09:47:16', 'missouri80@example.org');
INSERT INTO WATER_GOALS (`goal_id`, `start_timestamp`, `end_timestamp`, `user_email`) VALUES (12, '2001-11-23 09:34:14', '1998-11-09 15:09:25', 'mclaughlin.emory@example.net');
INSERT INTO WATER_GOALS (`goal_id`, `start_timestamp`, `end_timestamp`, `user_email`) VALUES (13, '2014-02-05 20:51:07', '1985-07-15 08:56:22', 'allen17@example.net');
INSERT INTO WATER_GOALS (`goal_id`, `start_timestamp`, `end_timestamp`, `user_email`) VALUES (14, '1993-05-06 12:52:09', '2011-03-30 03:37:00', 'mclaughlin.emory@example.net');
INSERT INTO WATER_GOALS (`goal_id`, `start_timestamp`, `end_timestamp`, `user_email`) VALUES (15, '2016-10-12 12:06:03', '2015-01-14 00:12:56', 'allen17@example.net');
INSERT INTO WATER_GOALS (`goal_id`, `start_timestamp`, `end_timestamp`, `user_email`) VALUES (16, '1974-02-02 07:41:30', '1970-01-31 11:52:40', 'caden68@example.org');
INSERT INTO WATER_GOALS (`goal_id`, `start_timestamp`, `end_timestamp`, `user_email`) VALUES (17, '1977-07-24 06:41:36', '2008-04-10 21:26:22', 'eriberto.batz@example.com');
INSERT INTO WATER_GOALS (`goal_id`, `start_timestamp`, `end_timestamp`, `user_email`) VALUES (18, '1987-11-04 21:32:45', '1998-06-20 04:50:10', 'xprice@example.net');
INSERT INTO WATER_GOALS (`goal_id`, `start_timestamp`, `end_timestamp`, `user_email`) VALUES (19, '2014-10-23 19:52:12', '1992-07-30 22:33:29', 'royal.durgan@example.org');
INSERT INTO WATER_GOALS (`goal_id`, `start_timestamp`, `end_timestamp`, `user_email`) VALUES (20, '1980-01-16 22:29:55', '1996-03-22 18:49:38', 'gdouglas@example.org');

# FRIENDS
INSERT INTO FRIENDS (`user1_email`, `user2_email`, `friend_status`) VALUES ('adriana.bernhard@example.net', 'bryana79@example.org', 1);
INSERT INTO FRIENDS (`user1_email`, `user2_email`, `friend_status`) VALUES ('allen17@example.net', 'adriana.bernhard@example.net', 1);
INSERT INTO FRIENDS (`user1_email`, `user2_email`, `friend_status`) VALUES ('allen17@example.net', 'gdouglas@example.org', 1);
INSERT INTO FRIENDS (`user1_email`, `user2_email`, `friend_status`) VALUES ('allen17@example.net', 'pgrimes@example.com', 1);
INSERT INTO FRIENDS (`user1_email`, `user2_email`, `friend_status`) VALUES ('allen17@example.net', 'reichert.hillary@example.com', 0);
INSERT INTO FRIENDS (`user1_email`, `user2_email`, `friend_status`) VALUES ('bryana79@example.org', 'kitty40@example.org', 0);
INSERT INTO FRIENDS (`user1_email`, `user2_email`, `friend_status`) VALUES ('caden68@example.org', 'pgrimes@example.com', 1);
INSERT INTO FRIENDS (`user1_email`, `user2_email`, `friend_status`) VALUES ('eriberto.batz@example.com', 'klocko.randy@example.org', 0);
INSERT INTO FRIENDS (`user1_email`, `user2_email`, `friend_status`) VALUES ('eriberto.batz@example.com', 'reichert.hillary@example.com', 0);
INSERT INTO FRIENDS (`user1_email`, `user2_email`, `friend_status`) VALUES ('gbeahan@example.net', 'caden68@example.org', 0);
INSERT INTO FRIENDS (`user1_email`, `user2_email`, `friend_status`) VALUES ('gbeahan@example.net', 'gbeahan@example.net', 0);
INSERT INTO FRIENDS (`user1_email`, `user2_email`, `friend_status`) VALUES ('gbeahan@example.net', 'gdouglas@example.org', 0);
INSERT INTO FRIENDS (`user1_email`, `user2_email`, `friend_status`) VALUES ('kitty40@example.org', 'missouri80@example.org', 0);
INSERT INTO FRIENDS (`user1_email`, `user2_email`, `friend_status`) VALUES ('ondricka.mckenzie@example.com', 'gdouglas@example.org', 1);
INSERT INTO FRIENDS (`user1_email`, `user2_email`, `friend_status`) VALUES ('pgrimes@example.com', 'allen17@example.net', 0);
INSERT INTO FRIENDS (`user1_email`, `user2_email`, `friend_status`) VALUES ('pgrimes@example.com', 'mclaughlin.emory@example.net', 0);
INSERT INTO FRIENDS (`user1_email`, `user2_email`, `friend_status`) VALUES ('reichert.hillary@example.com', 'dalton.paucek@example.org', 1);
INSERT INTO FRIENDS (`user1_email`, `user2_email`, `friend_status`) VALUES ('reichert.hillary@example.com', 'ubarton@example.com', 1);
INSERT INTO FRIENDS (`user1_email`, `user2_email`, `friend_status`) VALUES ('royal.durgan@example.org', 'kitty40@example.org', 1);
INSERT INTO FRIENDS (`user1_email`, `user2_email`, `friend_status`) VALUES ('ubarton@example.com', 'allen17@example.net', 1);

# ADDRESSES
INSERT INTO ADDRESSES (`address_id`, `street_line_1`, `street_line_2`, `city`, `state`, `country`, `zip`, `created_datetime`, `last_modified`) VALUES (1, '8526 Paucek Brook Apt. 084', NULL, 'Lake Kathleen', 'Massachusetts', 'France', 91577, '1997-11-06 11:50:53', '1983-01-11 08:22:23');
INSERT INTO ADDRESSES (`address_id`, `street_line_1`, `street_line_2`, `city`, `state`, `country`, `zip`, `created_datetime`, `last_modified`) VALUES (2, '934 Murphy Mountain Suite 649', NULL, 'North Bailey', 'Florida', 'Vanuatu', 44951, '1971-05-30 09:52:25', '2015-08-09 08:58:09');
INSERT INTO ADDRESSES (`address_id`, `street_line_1`, `street_line_2`, `city`, `state`, `country`, `zip`, `created_datetime`, `last_modified`) VALUES (3, '72082 Kianna Motorway', NULL, 'East Juneshire', 'Montana', 'Portugal', 99775, '1995-03-30 12:14:44', '1980-09-27 12:06:29');
INSERT INTO ADDRESSES (`address_id`, `street_line_1`, `street_line_2`, `city`, `state`, `country`, `zip`, `created_datetime`, `last_modified`) VALUES (4, '112 Kaden Mountain Apt. 927', NULL, 'Port Gennaromouth', 'Delaware', 'Martinique', 1510, '1981-11-02 00:18:14', '1988-10-11 05:11:26');
INSERT INTO ADDRESSES (`address_id`, `street_line_1`, `street_line_2`, `city`, `state`, `country`, `zip`, `created_datetime`, `last_modified`) VALUES (5, '12311 Watsica Ferry Suite 886', NULL, 'South Colleen', 'Maine', 'Seychelles', 79245, '1977-01-03 00:56:08', '2004-09-26 18:34:47');
INSERT INTO ADDRESSES (`address_id`, `street_line_1`, `street_line_2`, `city`, `state`, `country`, `zip`, `created_datetime`, `last_modified`) VALUES (6, '868 Ward Springs Apt. 541', NULL, 'Beattyside', 'Delaware', 'Seychelles', 6569, '1975-06-26 04:46:53', '2001-10-21 19:58:32');
INSERT INTO ADDRESSES (`address_id`, `street_line_1`, `street_line_2`, `city`, `state`, `country`, `zip`, `created_datetime`, `last_modified`) VALUES (7, '0289 White Crescent Suite 909', NULL, 'New Kaya', 'Illinois', 'Brunei Darussalam', 19151, '2013-11-02 16:08:21', '1988-02-22 00:04:03');
INSERT INTO ADDRESSES (`address_id`, `street_line_1`, `street_line_2`, `city`, `state`, `country`, `zip`, `created_datetime`, `last_modified`) VALUES (8, '3706 Tristin Freeway', NULL, 'West Reesechester', 'Pennsylvania', 'Lithuania', 20627, '2006-07-16 19:23:25', '1987-12-15 22:52:10');
INSERT INTO ADDRESSES (`address_id`, `street_line_1`, `street_line_2`, `city`, `state`, `country`, `zip`, `created_datetime`, `last_modified`) VALUES (9, '725 Greenfelder Radial Apt. 237', NULL, 'Harashire', 'Kentucky', 'Liechtenstein', 89738, '1990-06-25 10:15:37', '1999-05-27 13:35:14');
INSERT INTO ADDRESSES (`address_id`, `street_line_1`, `street_line_2`, `city`, `state`, `country`, `zip`, `created_datetime`, `last_modified`) VALUES (10, '65952 Dibbert Branch', NULL, 'Kautzerland', 'Minnesota', 'Mauritania', 35207, '1999-10-17 05:32:39', '2010-12-03 05:52:30');
INSERT INTO ADDRESSES (`address_id`, `street_line_1`, `street_line_2`, `city`, `state`, `country`, `zip`, `created_datetime`, `last_modified`) VALUES (11, '94828 Desiree Fall Apt. 018', NULL, 'West Hillard', 'Georgia', 'Barbados', 88127, '2017-06-27 12:07:16', '2014-08-12 11:26:55');
INSERT INTO ADDRESSES (`address_id`, `street_line_1`, `street_line_2`, `city`, `state`, `country`, `zip`, `created_datetime`, `last_modified`) VALUES (12, '46643 Yasmeen Hollow', NULL, 'Lake Deontaeville', 'Maryland', 'Zimbabwe', 8610, '1992-04-25 12:21:28', '1994-06-21 00:49:27');
INSERT INTO ADDRESSES (`address_id`, `street_line_1`, `street_line_2`, `city`, `state`, `country`, `zip`, `created_datetime`, `last_modified`) VALUES (13, '220 Mireille Squares', NULL, 'Hamillhaven', 'Maine', 'Western Sahara', 91545, '1991-07-26 22:47:03', '1978-05-27 21:16:21');
INSERT INTO ADDRESSES (`address_id`, `street_line_1`, `street_line_2`, `city`, `state`, `country`, `zip`, `created_datetime`, `last_modified`) VALUES (14, '390 Parisian Pass Apt. 302', NULL, 'Konopelskiland', 'Alabama', 'Montserrat', 72528, '1977-08-15 21:33:20', '1977-06-03 06:45:14');
INSERT INTO ADDRESSES (`address_id`, `street_line_1`, `street_line_2`, `city`, `state`, `country`, `zip`, `created_datetime`, `last_modified`) VALUES (15, '8192 Koepp Underpass Apt. 406', NULL, 'West Johathanfort', 'Colorado', 'Bahamas', 23451, '2016-05-14 03:46:43', '1981-09-30 18:20:02');
INSERT INTO ADDRESSES (`address_id`, `street_line_1`, `street_line_2`, `city`, `state`, `country`, `zip`, `created_datetime`, `last_modified`) VALUES (16, '816 Caroline Forest', NULL, 'Reichertfort', 'Maryland', 'Swaziland', 10339, '2006-03-03 01:29:16', '2015-07-19 13:06:57');
INSERT INTO ADDRESSES (`address_id`, `street_line_1`, `street_line_2`, `city`, `state`, `country`, `zip`, `created_datetime`, `last_modified`) VALUES (17, '9421 Bergnaum Run', NULL, 'East Declanchester', 'Kentucky', 'Saint Vincent and the Grenadines', 63427, '1993-05-14 16:32:15', '1985-11-04 16:05:30');
INSERT INTO ADDRESSES (`address_id`, `street_line_1`, `street_line_2`, `city`, `state`, `country`, `zip`, `created_datetime`, `last_modified`) VALUES (18, '07339 Muhammad Orchard', NULL, 'Robertsmouth', 'Montana', 'Indonesia', 13022, '2010-04-02 17:46:30', '1987-07-16 20:15:39');
INSERT INTO ADDRESSES (`address_id`, `street_line_1`, `street_line_2`, `city`, `state`, `country`, `zip`, `created_datetime`, `last_modified`) VALUES (19, '43008 Conroy Cliffs Apt. 099', NULL, 'West Diamond', 'RhodeIsland', 'Lesotho', 81265, '1988-09-20 18:14:17', '1975-01-04 17:21:10');
INSERT INTO ADDRESSES (`address_id`, `street_line_1`, `street_line_2`, `city`, `state`, `country`, `zip`, `created_datetime`, `last_modified`) VALUES (20, '9356 Eve Springs', NULL, 'Port Tommiechester', 'Illinois', 'Peru', 540, '2016-10-10 07:34:29', '1976-10-21 05:38:20');

# PLACES
INSERT INTO PLACES (`place_id`, `place_name`, `place_description`, `created_datetime`, `last_modified`, `user_email`, `address_id`) VALUES (1, 'natus', 'Voluptas molestias ipsa delectus delectus sint qui praesentium.', '1972-07-21 11:07:27', '1972-04-29 17:18:18', 'bryana79@example.org', 12);
INSERT INTO PLACES (`place_id`, `place_name`, `place_description`, `created_datetime`, `last_modified`, `user_email`, `address_id`) VALUES (2, 'assumenda', 'Et repudiandae suscipit delectus et.', '2005-03-31 09:27:32', '1981-08-10 19:23:25', 'haley.larissa@example.net', 4);
INSERT INTO PLACES (`place_id`, `place_name`, `place_description`, `created_datetime`, `last_modified`, `user_email`, `address_id`) VALUES (3, 'voluptas', 'Suscipit dolore voluptate est est.', '1979-12-14 08:36:04', '1999-08-17 05:46:03', 'klocko.randy@example.org', 19);
INSERT INTO PLACES (`place_id`, `place_name`, `place_description`, `created_datetime`, `last_modified`, `user_email`, `address_id`) VALUES (4, 'eum', 'Quisquam quis dolore voluptas aut excepturi amet ut.', '2004-07-05 17:58:57', '1971-11-18 12:41:50', 'kitty40@example.org', 7);
INSERT INTO PLACES (`place_id`, `place_name`, `place_description`, `created_datetime`, `last_modified`, `user_email`, `address_id`) VALUES (5, 'et', 'Et error molestiae exercitationem id eaque aut corrupti.', '1988-05-29 06:19:29', '2002-05-02 21:22:20', 'ubarton@example.com', 9);
INSERT INTO PLACES (`place_id`, `place_name`, `place_description`, `created_datetime`, `last_modified`, `user_email`, `address_id`) VALUES (6, 'qui', 'Vel alias ratione sed eveniet.', '2002-11-30 01:43:36', '2002-09-13 09:59:55', 'bryana79@example.org', 3);
INSERT INTO PLACES (`place_id`, `place_name`, `place_description`, `created_datetime`, `last_modified`, `user_email`, `address_id`) VALUES (7, 'omnis', 'Quis dolorum explicabo voluptatem est.', '1998-04-23 05:53:05', '2014-02-07 02:19:17', 'eriberto.batz@example.com', 17);
INSERT INTO PLACES (`place_id`, `place_name`, `place_description`, `created_datetime`, `last_modified`, `user_email`, `address_id`) VALUES (8, 'minus', 'Ipsam cumque quo natus aut et.', '2016-02-14 18:58:40', '1977-09-04 15:50:00', 'bryana79@example.org', 3);
INSERT INTO PLACES (`place_id`, `place_name`, `place_description`, `created_datetime`, `last_modified`, `user_email`, `address_id`) VALUES (9, 'magni', 'Repellendus nobis in quis recusandae incidunt et et.', '1990-03-16 00:03:49', '2014-08-31 12:45:52', 'adriana.bernhard@example.net', 14);
INSERT INTO PLACES (`place_id`, `place_name`, `place_description`, `created_datetime`, `last_modified`, `user_email`, `address_id`) VALUES (10, 'ea', 'Voluptates expedita est nesciunt eum consequatur et aut.', '1976-07-11 13:56:53', '1978-10-03 04:43:08', 'allen17@example.net', 6);
INSERT INTO PLACES (`place_id`, `place_name`, `place_description`, `created_datetime`, `last_modified`, `user_email`, `address_id`) VALUES (11, 'suscipit', 'Quia quo magni qui odit.', '1978-03-23 02:33:57', '1998-12-09 13:49:29', 'royal.durgan@example.org', 6);
INSERT INTO PLACES (`place_id`, `place_name`, `place_description`, `created_datetime`, `last_modified`, `user_email`, `address_id`) VALUES (12, 'voluptatum', 'Adipisci maxime praesentium qui doloremque illo veniam.', '1986-08-29 15:46:41', '1986-08-02 23:23:01', 'caden68@example.org', 7);
INSERT INTO PLACES (`place_id`, `place_name`, `place_description`, `created_datetime`, `last_modified`, `user_email`, `address_id`) VALUES (13, 'ad', 'Et est cum est vel qui in.', '1976-09-10 06:34:39', '1978-01-22 09:36:24', 'haley.larissa@example.net', 9);
INSERT INTO PLACES (`place_id`, `place_name`, `place_description`, `created_datetime`, `last_modified`, `user_email`, `address_id`) VALUES (14, 'aliquid', 'Eum fugit laboriosam autem illum.', '1981-10-16 02:08:04', '2015-12-26 20:14:22', 'irving.hessel@example.com', 16);
INSERT INTO PLACES (`place_id`, `place_name`, `place_description`, `created_datetime`, `last_modified`, `user_email`, `address_id`) VALUES (15, 'dolorum', 'Dolorem ipsam et maiores.', '2007-06-22 04:50:03', '1971-04-02 05:11:43', 'ubarton@example.com', 12);
INSERT INTO PLACES (`place_id`, `place_name`, `place_description`, `created_datetime`, `last_modified`, `user_email`, `address_id`) VALUES (16, 'vero', 'Repellat molestiae at a.', '2013-12-08 02:00:08', '1996-08-04 13:31:09', 'xprice@example.net', 12);
INSERT INTO PLACES (`place_id`, `place_name`, `place_description`, `created_datetime`, `last_modified`, `user_email`, `address_id`) VALUES (17, 'rerum', 'Doloribus et in sit inventore qui velit.', '2007-06-13 05:27:59', '1973-12-26 04:23:29', 'allen17@example.net', 15);
INSERT INTO PLACES (`place_id`, `place_name`, `place_description`, `created_datetime`, `last_modified`, `user_email`, `address_id`) VALUES (18, 'est', 'Eveniet sit est optio accusamus vel voluptate maxime itaque.', '2007-11-10 00:24:11', '2011-11-09 11:39:58', 'mclaughlin.emory@example.net', 13);
INSERT INTO PLACES (`place_id`, `place_name`, `place_description`, `created_datetime`, `last_modified`, `user_email`, `address_id`) VALUES (19, 'et', 'Voluptates aliquid molestiae recusandae in laudantium dolorem et corporis.', '1988-01-12 15:12:09', '1989-05-14 02:45:42', 'ubarton@example.com', 3);
INSERT INTO PLACES (`place_id`, `place_name`, `place_description`, `created_datetime`, `last_modified`, `user_email`, `address_id`) VALUES (20, 'nemo', 'Vero omnis illo quia ut.', '1973-07-15 22:28:52', '1987-03-02 21:48:22', 'haley.larissa@example.net', 5);

# DEVICES
INSERT INTO DEVICES (`device_id`, `device_sensors_id`, `created_datetime`, `last_modified`, `place_id`) VALUES (1, 4, '1989-06-13 21:26:42', '1988-04-19 06:12:55', 10);
INSERT INTO DEVICES (`device_id`, `device_sensors_id`, `created_datetime`, `last_modified`, `place_id`) VALUES (2, 0, '2003-12-25 20:15:26', '1982-05-30 14:52:17', 19);
INSERT INTO DEVICES (`device_id`, `device_sensors_id`, `created_datetime`, `last_modified`, `place_id`) VALUES (3, 0, '1997-02-24 07:11:04', '1995-03-08 03:39:24', 1);
INSERT INTO DEVICES (`device_id`, `device_sensors_id`, `created_datetime`, `last_modified`, `place_id`) VALUES (4, 0, '2006-07-22 15:20:11', '1990-03-27 23:29:28', 9);
INSERT INTO DEVICES (`device_id`, `device_sensors_id`, `created_datetime`, `last_modified`, `place_id`) VALUES (5, 707, '1993-05-16 07:43:28', '1985-09-22 09:05:02', 2);
INSERT INTO DEVICES (`device_id`, `device_sensors_id`, `created_datetime`, `last_modified`, `place_id`) VALUES (6, 10, '2007-12-30 21:07:48', '1998-12-17 13:34:52', 4);
INSERT INTO DEVICES (`device_id`, `device_sensors_id`, `created_datetime`, `last_modified`, `place_id`) VALUES (7, 4, '1988-01-18 07:49:08', '2017-03-24 03:26:12', 13);
INSERT INTO DEVICES (`device_id`, `device_sensors_id`, `created_datetime`, `last_modified`, `place_id`) VALUES (8, 3050, '1996-11-12 03:15:43', '2014-09-11 09:05:08', 19);
INSERT INTO DEVICES (`device_id`, `device_sensors_id`, `created_datetime`, `last_modified`, `place_id`) VALUES (9, 4, '1991-07-08 01:16:05', '1987-01-20 06:43:47', 8);
INSERT INTO DEVICES (`device_id`, `device_sensors_id`, `created_datetime`, `last_modified`, `place_id`) VALUES (10, 0, '1972-01-04 10:01:07', '1987-09-11 05:25:17', 13);
INSERT INTO DEVICES (`device_id`, `device_sensors_id`, `created_datetime`, `last_modified`, `place_id`) VALUES (11, 938, '2001-07-02 13:42:29', '1974-01-31 06:38:30', 1);
INSERT INTO DEVICES (`device_id`, `device_sensors_id`, `created_datetime`, `last_modified`, `place_id`) VALUES (12, 2147483647, '1972-01-08 03:21:02', '1980-06-02 03:39:19', 7);
INSERT INTO DEVICES (`device_id`, `device_sensors_id`, `created_datetime`, `last_modified`, `place_id`) VALUES (13, 1862, '1981-10-24 06:41:43', '1999-04-05 23:38:36', 16);
INSERT INTO DEVICES (`device_id`, `device_sensors_id`, `created_datetime`, `last_modified`, `place_id`) VALUES (14, 4, '2017-06-13 00:26:36', '1993-12-10 12:06:29', 13);
INSERT INTO DEVICES (`device_id`, `device_sensors_id`, `created_datetime`, `last_modified`, `place_id`) VALUES (15, 0, '1971-07-24 08:05:37', '1979-04-27 02:47:11', 17);
INSERT INTO DEVICES (`device_id`, `device_sensors_id`, `created_datetime`, `last_modified`, `place_id`) VALUES (16, 499049, '1991-08-14 01:21:01', '2008-09-13 14:14:57', 6);
INSERT INTO DEVICES (`device_id`, `device_sensors_id`, `created_datetime`, `last_modified`, `place_id`) VALUES (17, 1446, '1972-04-08 20:29:38', '2005-02-18 01:59:29', 14);
INSERT INTO DEVICES (`device_id`, `device_sensors_id`, `created_datetime`, `last_modified`, `place_id`) VALUES (18, 1, '1979-12-08 17:41:59', '1990-02-08 08:14:30', 6);
INSERT INTO DEVICES (`device_id`, `device_sensors_id`, `created_datetime`, `last_modified`, `place_id`) VALUES (19, 212, '1993-04-19 20:56:05', '2010-05-01 13:58:27', 14);
INSERT INTO DEVICES (`device_id`, `device_sensors_id`, `created_datetime`, `last_modified`, `place_id`) VALUES (20, 0, '1998-06-07 12:36:05', '1992-02-07 21:14:11', 10);

# DEVICE_GROUPS
INSERT INTO DEVICE_GROUPS (`group_id`, `group_name`, `group_description`, `created_datetime`, `last_modified`, `place_id`) VALUES (1, 'non', 'Quam provident voluptate quo omnis velit.', '1995-12-09 01:07:29', '1983-05-05 07:11:45', 15);
INSERT INTO DEVICE_GROUPS (`group_id`, `group_name`, `group_description`, `created_datetime`, `last_modified`, `place_id`) VALUES (2, 'sint', 'Facilis blanditiis quia et saepe est harum.', '1999-01-21 09:32:10', '1971-08-28 04:53:16', 10);
INSERT INTO DEVICE_GROUPS (`group_id`, `group_name`, `group_description`, `created_datetime`, `last_modified`, `place_id`) VALUES (3, 'saepe', 'Odit similique qui sunt quam molestias sit reiciendis voluptas.', '1970-11-24 09:57:25', '1974-05-24 06:33:01', 13);
INSERT INTO DEVICE_GROUPS (`group_id`, `group_name`, `group_description`, `created_datetime`, `last_modified`, `place_id`) VALUES (4, 'itaque', 'Labore dolorem neque sunt facere totam nostrum eaque quos.', '1981-06-04 03:50:48', '2002-03-24 12:44:31', 6);
INSERT INTO DEVICE_GROUPS (`group_id`, `group_name`, `group_description`, `created_datetime`, `last_modified`, `place_id`) VALUES (5, 'quia', 'Aut velit exercitationem sit mollitia.', '1998-02-24 05:39:20', '1972-02-08 07:37:36', 13);
INSERT INTO DEVICE_GROUPS (`group_id`, `group_name`, `group_description`, `created_datetime`, `last_modified`, `place_id`) VALUES (6, 'cupiditate', 'Optio odio et excepturi et quia.', '1974-07-17 17:03:31', '2005-07-31 21:37:58', 1);
INSERT INTO DEVICE_GROUPS (`group_id`, `group_name`, `group_description`, `created_datetime`, `last_modified`, `place_id`) VALUES (7, 'illo', 'Earum non omnis consequuntur quia occaecati et.', '1980-03-10 13:51:41', '1986-02-04 05:28:01', 12);
INSERT INTO DEVICE_GROUPS (`group_id`, `group_name`, `group_description`, `created_datetime`, `last_modified`, `place_id`) VALUES (8, 'autem', 'Dolore numquam cupiditate doloremque est optio rerum.', '2010-05-02 03:06:46', '2012-05-23 14:14:50', 16);
INSERT INTO DEVICE_GROUPS (`group_id`, `group_name`, `group_description`, `created_datetime`, `last_modified`, `place_id`) VALUES (9, 'voluptates', 'Doloribus quidem nostrum vero eos et omnis numquam voluptates.', '1985-05-26 13:49:53', '1985-02-03 04:47:47', 4);
INSERT INTO DEVICE_GROUPS (`group_id`, `group_name`, `group_description`, `created_datetime`, `last_modified`, `place_id`) VALUES (10, 'explicabo', 'Corporis repellendus et inventore corrupti harum eum repudiandae tenetur.', '1987-02-27 02:48:56', '2002-01-03 04:40:00', 13);
INSERT INTO DEVICE_GROUPS (`group_id`, `group_name`, `group_description`, `created_datetime`, `last_modified`, `place_id`) VALUES (11, 'eos', 'Distinctio rerum sint sit.', '1990-02-15 13:36:12', '1993-09-27 18:56:22', 14);
INSERT INTO DEVICE_GROUPS (`group_id`, `group_name`, `group_description`, `created_datetime`, `last_modified`, `place_id`) VALUES (12, 'alias', 'Ducimus asperiores saepe consequuntur beatae.', '2016-12-12 18:45:26', '2003-07-19 05:24:31', 18);
INSERT INTO DEVICE_GROUPS (`group_id`, `group_name`, `group_description`, `created_datetime`, `last_modified`, `place_id`) VALUES (13, 'nulla', 'Itaque quia modi beatae nisi aspernatur adipisci magnam.', '1973-12-11 15:49:43', '1995-11-05 07:50:51', 13);
INSERT INTO DEVICE_GROUPS (`group_id`, `group_name`, `group_description`, `created_datetime`, `last_modified`, `place_id`) VALUES (14, 'doloribus', 'Aperiam ad sed consectetur esse quis possimus ut eos.', '2015-07-16 02:17:44', '2015-07-29 20:26:28', 3);
INSERT INTO DEVICE_GROUPS (`group_id`, `group_name`, `group_description`, `created_datetime`, `last_modified`, `place_id`) VALUES (15, 'facilis', 'Quia ducimus aut esse quam.', '1972-09-09 04:05:46', '2008-07-14 12:23:33', 3);
INSERT INTO DEVICE_GROUPS (`group_id`, `group_name`, `group_description`, `created_datetime`, `last_modified`, `place_id`) VALUES (16, 'nisi', 'Eius velit quis asperiores ipsa sapiente necessitatibus a.', '1972-05-12 02:53:30', '2010-10-22 10:05:32', 12);
INSERT INTO DEVICE_GROUPS (`group_id`, `group_name`, `group_description`, `created_datetime`, `last_modified`, `place_id`) VALUES (17, 'enim', 'Eum voluptas sunt quia at.', '1980-11-04 08:47:09', '1978-08-29 07:52:52', 14);
INSERT INTO DEVICE_GROUPS (`group_id`, `group_name`, `group_description`, `created_datetime`, `last_modified`, `place_id`) VALUES (18, 'autem', 'Nam distinctio dolorem velit placeat rerum voluptas vel.', '2012-10-13 13:33:16', '1978-03-26 10:47:35', 1);
INSERT INTO DEVICE_GROUPS (`group_id`, `group_name`, `group_description`, `created_datetime`, `last_modified`, `place_id`) VALUES (19, 'provident', 'Recusandae sit voluptas quo sed a.', '1972-07-06 15:26:16', '1998-12-21 20:24:54', 8);
INSERT INTO DEVICE_GROUPS (`group_id`, `group_name`, `group_description`, `created_datetime`, `last_modified`, `place_id`) VALUES (20, 'occaecati', 'Nobis voluptate praesentium animi consequatur labore dolorem sunt voluptatem.', '1996-04-08 02:17:35', '2012-09-26 22:31:56', 11);

# DEVICE_GROUP_MEMBERS
INSERT INTO DEVICE_GROUP_MEMBERS (`device_id`, `group_id`, `created_datetime`, `last_modified`) VALUES (1, 13, '2000-02-29 05:34:26', '2009-12-04 19:34:15');
INSERT INTO DEVICE_GROUP_MEMBERS (`device_id`, `group_id`, `created_datetime`, `last_modified`) VALUES (2, 19, '2015-08-17 05:38:49', '1977-05-28 17:40:01');
INSERT INTO DEVICE_GROUP_MEMBERS (`device_id`, `group_id`, `created_datetime`, `last_modified`) VALUES (4, 6, '1996-06-13 00:19:43', '2013-04-08 19:16:59');
INSERT INTO DEVICE_GROUP_MEMBERS (`device_id`, `group_id`, `created_datetime`, `last_modified`) VALUES (4, 11, '1999-09-24 07:11:03', '1976-07-19 04:35:00');
INSERT INTO DEVICE_GROUP_MEMBERS (`device_id`, `group_id`, `created_datetime`, `last_modified`) VALUES (5, 5, '1995-12-16 17:09:27', '1980-05-14 01:22:59');
INSERT INTO DEVICE_GROUP_MEMBERS (`device_id`, `group_id`, `created_datetime`, `last_modified`) VALUES (5, 18, '2006-10-05 00:44:32', '1981-08-28 02:01:20');
INSERT INTO DEVICE_GROUP_MEMBERS (`device_id`, `group_id`, `created_datetime`, `last_modified`) VALUES (6, 10, '1986-06-06 20:44:36', '2008-03-11 05:51:01');
INSERT INTO DEVICE_GROUP_MEMBERS (`device_id`, `group_id`, `created_datetime`, `last_modified`) VALUES (8, 7, '2014-05-10 20:47:25', '2001-04-07 22:19:57');
INSERT INTO DEVICE_GROUP_MEMBERS (`device_id`, `group_id`, `created_datetime`, `last_modified`) VALUES (9, 1, '1984-02-18 17:40:48', '1989-01-29 14:06:38');
INSERT INTO DEVICE_GROUP_MEMBERS (`device_id`, `group_id`, `created_datetime`, `last_modified`) VALUES (9, 11, '2006-07-15 14:15:48', '1986-05-11 05:21:41');
INSERT INTO DEVICE_GROUP_MEMBERS (`device_id`, `group_id`, `created_datetime`, `last_modified`) VALUES (10, 3, '1984-08-17 01:41:18', '1998-12-02 18:56:03');
INSERT INTO DEVICE_GROUP_MEMBERS (`device_id`, `group_id`, `created_datetime`, `last_modified`) VALUES (12, 15, '1998-08-16 22:14:49', '2010-06-25 20:26:09');
INSERT INTO DEVICE_GROUP_MEMBERS (`device_id`, `group_id`, `created_datetime`, `last_modified`) VALUES (14, 2, '2015-02-13 15:01:07', '1973-06-27 04:07:54');
INSERT INTO DEVICE_GROUP_MEMBERS (`device_id`, `group_id`, `created_datetime`, `last_modified`) VALUES (14, 20, '1972-09-10 01:08:40', '1990-01-19 16:34:50');
INSERT INTO DEVICE_GROUP_MEMBERS (`device_id`, `group_id`, `created_datetime`, `last_modified`) VALUES (15, 2, '1991-03-14 15:25:44', '1978-01-30 06:20:18');
INSERT INTO DEVICE_GROUP_MEMBERS (`device_id`, `group_id`, `created_datetime`, `last_modified`) VALUES (16, 6, '2003-05-31 07:57:20', '2006-11-05 23:42:16');
INSERT INTO DEVICE_GROUP_MEMBERS (`device_id`, `group_id`, `created_datetime`, `last_modified`) VALUES (17, 5, '1974-07-19 18:36:43', '2006-11-12 17:37:36');
INSERT INTO DEVICE_GROUP_MEMBERS (`device_id`, `group_id`, `created_datetime`, `last_modified`) VALUES (18, 9, '1980-05-23 21:10:28', '2011-05-06 22:00:48');
INSERT INTO DEVICE_GROUP_MEMBERS (`device_id`, `group_id`, `created_datetime`, `last_modified`) VALUES (18, 16, '1970-10-01 22:47:51', '1983-10-18 18:10:28');
INSERT INTO DEVICE_GROUP_MEMBERS (`device_id`, `group_id`, `created_datetime`, `last_modified`) VALUES (19, 9, '2005-06-08 11:17:17', '1992-12-29 11:12:45');

# DATA_RECORDS
INSERT INTO DATA_RECORDS (`record_id`, `record_timestamp`, `record_liters`, `record_point_value`, `device_id`) VALUES (1, '2016-10-18 13:57:21', 7, 9, 2);
INSERT INTO DATA_RECORDS (`record_id`, `record_timestamp`, `record_liters`, `record_point_value`, `device_id`) VALUES (2, '1993-06-29 08:57:47', 4, 8, 6);
INSERT INTO DATA_RECORDS (`record_id`, `record_timestamp`, `record_liters`, `record_point_value`, `device_id`) VALUES (3, '2008-05-27 18:08:43', 2, 1, 15);
INSERT INTO DATA_RECORDS (`record_id`, `record_timestamp`, `record_liters`, `record_point_value`, `device_id`) VALUES (4, '1984-06-20 18:36:24', 1, 6, 10);
INSERT INTO DATA_RECORDS (`record_id`, `record_timestamp`, `record_liters`, `record_point_value`, `device_id`) VALUES (5, '2014-04-26 19:14:38', 5, 5, 16);
INSERT INTO DATA_RECORDS (`record_id`, `record_timestamp`, `record_liters`, `record_point_value`, `device_id`) VALUES (6, '1973-07-14 22:23:36', 4, 2, 8);
INSERT INTO DATA_RECORDS (`record_id`, `record_timestamp`, `record_liters`, `record_point_value`, `device_id`) VALUES (7, '1982-04-06 09:13:45', 1, 3, 4);
INSERT INTO DATA_RECORDS (`record_id`, `record_timestamp`, `record_liters`, `record_point_value`, `device_id`) VALUES (8, '1985-08-31 04:29:10', 8, 8, 9);
INSERT INTO DATA_RECORDS (`record_id`, `record_timestamp`, `record_liters`, `record_point_value`, `device_id`) VALUES (9, '2016-11-12 14:00:58', 5, 2, 15);
INSERT INTO DATA_RECORDS (`record_id`, `record_timestamp`, `record_liters`, `record_point_value`, `device_id`) VALUES (10, '1978-11-02 19:03:11', 3, 3, 11);
INSERT INTO DATA_RECORDS (`record_id`, `record_timestamp`, `record_liters`, `record_point_value`, `device_id`) VALUES (11, '1971-01-31 19:26:57', 5, 5, 3);
INSERT INTO DATA_RECORDS (`record_id`, `record_timestamp`, `record_liters`, `record_point_value`, `device_id`) VALUES (12, '2002-01-24 06:14:03', 7, 6, 14);
INSERT INTO DATA_RECORDS (`record_id`, `record_timestamp`, `record_liters`, `record_point_value`, `device_id`) VALUES (13, '1980-10-30 09:58:12', 5, 8, 13);
INSERT INTO DATA_RECORDS (`record_id`, `record_timestamp`, `record_liters`, `record_point_value`, `device_id`) VALUES (14, '1998-04-15 13:15:18', 6, 9, 3);
INSERT INTO DATA_RECORDS (`record_id`, `record_timestamp`, `record_liters`, `record_point_value`, `device_id`) VALUES (15, '2008-01-31 17:06:36', 9, 7, 1);
INSERT INTO DATA_RECORDS (`record_id`, `record_timestamp`, `record_liters`, `record_point_value`, `device_id`) VALUES (16, '1997-11-28 04:02:53', 8, 5, 19);
INSERT INTO DATA_RECORDS (`record_id`, `record_timestamp`, `record_liters`, `record_point_value`, `device_id`) VALUES (17, '2005-03-03 22:52:03', 3, 6, 1);
INSERT INTO DATA_RECORDS (`record_id`, `record_timestamp`, `record_liters`, `record_point_value`, `device_id`) VALUES (18, '2000-08-05 03:29:28', 2, 7, 17);
INSERT INTO DATA_RECORDS (`record_id`, `record_timestamp`, `record_liters`, `record_point_value`, `device_id`) VALUES (19, '2013-12-31 00:00:49', 7, 8, 17);
INSERT INTO DATA_RECORDS (`record_id`, `record_timestamp`, `record_liters`, `record_point_value`, `device_id`) VALUES (20, '1987-02-22 07:13:00', 4, 3, 2);